{
  "experiment": "v2_seed42_folds5",
  "seed": 42,
  "n_folds": 5,
  "fold_scores": [
    0.9751313715246982,
    0.9766263384605341,
    0.9780079934105089,
    0.9765404942386654,
    0.9750650781121607
  ],
  "mean_score": 0.9762742551493135,
  "n_features": 34,
  "timestamp": "20260322_163831"
}