{
  "experiment": "v3_seed42_folds5",
  "seed": 42,
  "n_folds": 5,
  "fold_scores": [
    0.4423121516827627,
    0.4180767434182293,
    0.433791118976541,
    0.43276624649845163,
    0.42662456048833675
  ],
  "mean_score": 0.43071416421286435,
  "n_features": 32,
  "timestamp": "20260322_164403"
}