{
  "experiment": "seed42_folds5",
  "seed": 42,
  "n_folds": 5,
  "fold_scores": [
    0.24754293699592733,
    0.22170247828237655,
    0.24421831696884944,
    0.24683258326704527,
    0.24962605925642323
  ],
  "mean_score": 0.24198447495412437,
  "timestamp": "20260322_112728"
}