{
  "experiment": "v4_seed42_folds5",
  "seed": 42,
  "n_folds": 5,
  "fold_scores": [
    0.44181489949129615,
    0.4606636261526261,
    0.4511617179865379,
    0.45934580903106637,
    0.4560793257028637
  ],
  "mean_score": 0.4538130756728781,
  "n_features": 41,
  "timestamp": "20260322_175136"
}